"Award","Type","Country","Year of award ceremony","Category","date_awarded","winner","source"
"Oscars","Industry","USA","2000","Best Picture","2000-03-26","American Beauty","https://www.oscars.org/oscars/ceremonies/2000"
"Oscars","Industry","USA","2001","Best Picture","2001-03-25","Gladiator","https://www.oscars.org/oscars/ceremonies/2001"
"Oscars","Industry","USA","2002","Best Picture","2002-03-24","A Beautiful Mind","https://en.wikipedia.org/wiki/74th_Academy_Awards"
"Oscars","Industry","USA","2003","Best Picture","2003-03-23","Chicago","https://www.oscars.org/oscars/ceremonies/2003"
"Oscars","Industry","USA","2004","Best Picture","2004-02-29","The Lord of the Rings: The Return of the King","https://www.oscars.org/oscars/ceremonies/2004"
"Oscars","Industry","USA","2005","Best Picture","2005-02-27","Million Dollar Baby","https://www.oscars.org/oscars/ceremonies/2005"
"Oscars","Industry","USA","2006","Best Picture","2006-03-05","Crash","https://www.oscars.org/oscars/ceremonies/2006"
"Oscars","Industry","USA","2007","Best Picture","2007-02-25","The Departed","https://www.oscars.org/oscars/ceremonies/2007"
"Oscars","Industry","USA","2008","Best Picture","2008-02-24","No Country for Old Men","https://www.oscars.org/oscars/ceremonies/2008"
"Oscars","Industry","USA","2009","Best Picture","2009-02-22","Slumdog Millionaire","https://www.oscars.org/oscars/ceremonies/2009"
"Oscars","Industry","USA","2010","Best Picture","2010-03-07","The Hurt Locker","https://www.oscars.org/oscars/ceremonies/2010"
"Oscars","Industry","USA","2011","Best Picture","2011-02-27","The King's Speech","https://www.oscars.org/oscars/ceremonies/2011"
"Oscars","Industry","USA","2012","Best Picture","2012-02-26","The Artist","https://www.oscars.org/oscars/ceremonies/2012"
"Oscars","Industry","USA","2013","Best Picture","2013-02-24","Argo","https://en.wikipedia.org/wiki/85th_Academy_Awards"
"Oscars","Industry","USA","2014","Best Picture","2014-03-02","12 Years a Slave","https://www.oscars.org/oscars/ceremonies/2014"
"Oscars","Industry","USA","2015","Best Picture","2015-02-22","Birdman or (The Unexpected Virtue of Ignorance)","https://www.oscars.org/oscars/ceremonies/2015"
"Oscars","Industry","USA","2016","Best Picture","2016-02-28","Spotlight","https://www.oscars.org/oscars/ceremonies/2016"
"Oscars","Industry","USA","2017","Best Picture","2017-02-26","Moonlight","https://www.oscars.org/oscars/ceremonies/2017"
"Oscars","Industry","USA","2018","Best Picture","2018-03-04","The Shape of Water","https://www.oscars.org/oscars/ceremonies/2018"
"Oscars","Industry","USA","2019","Best Picture","2019-02-24","Green Book","https://www.oscars.org/oscars/ceremonies/2019"
"Oscars","Industry","USA","2020","Best Picture","2020-02-09","Parasite","https://www.oscars.org/oscars/ceremonies/2020"
"Oscars","Industry","USA","2021","Best Picture","2021-04-25","Nomadland","https://www.oscars.org/oscars/ceremonies/2021"
"Oscars","Industry","USA","2022","Best Picture","2022-03-27","CODA","https://www.oscars.org/oscars/ceremonies/2022"
"Oscars","Industry","USA","2023","Best Picture","2023-03-12","Everything Everywhere All at Once","https://www.oscars.org/oscars/ceremonies/2023"
"Oscars","Industry","USA","2024","Best Picture","2024-03-10","Oppenheimer","https://www.oscars.org/oscars/ceremonies/2024"
"Oscars","Industry","USA","2025","Best Picture","2025-03-02","Anora","https://www.oscars.org/oscars/ceremonies/2025"
"Oscars","Industry","USA","2026","Best Picture","","","https://www.oscars.org/oscars/ceremonies/2026"
"Oscars","Industry","USA","2000","Best Director","2000-03-26","Sam Mendes","https://www.oscars.org/oscars/ceremonies/2000"
"Oscars","Industry","USA","2001","Best Director","2001-03-25","Steven Soderbergh","https://en.wikipedia.org/wiki/73rd_Academy_Awards"
"Oscars","Industry","USA","2002","Best Director","2002-03-24","Ron Howard","https://www.oscars.org/oscars/ceremonies/2002"
"Oscars","Industry","USA","2003","Best Director","2003-03-23","Roman Polanski","https://en.wikipedia.org/wiki/75th_Academy_Awards"
"Oscars","Industry","USA","2004","Best Director","2004-02-29","Peter Jackson","https://www.oscars.org/oscars/ceremonies/2004"
"Oscars","Industry","USA","2005","Best Director","2005-02-27","Clint Eastwood","https://www.oscars.org/oscars/ceremonies/2005"
"Oscars","Industry","USA","2006","Best Director","2006-03-05","Ang Lee","https://www.oscars.org/oscars/ceremonies/2006"
"Oscars","Industry","USA","2007","Best Director","2007-02-25","Martin Scorsese","https://www.oscars.org/oscars/ceremonies/2007"
"Oscars","Industry","USA","2008","Best Director","2008-02-24","Joel Coen and Ethan Coen","https://www.oscars.org/oscars/ceremonies/2008"
"Oscars","Industry","USA","2009","Best Director","2009-02-22","Danny Boyle","https://www.oscars.org/oscars/ceremonies/2009"
"Oscars","Industry","USA","2010","Best Director","2010-03-07","Kathryn Bigelow","https://www.oscars.org/oscars/ceremonies/2010"
"Oscars","Industry","USA","2011","Best Director","2011-02-27","Tom Hooper","https://www.oscars.org/oscars/ceremonies/2011"
"Oscars","Industry","USA","2012","Best Director","2012-02-26","Michel Hazanavicius","https://www.oscars.org/oscars/ceremonies/2012"
"Oscars","Industry","USA","2013","Best Director","2013-02-24","Ang Lee","https://www.oscars.org/oscars/ceremonies/2013"
"Oscars","Industry","USA","2014","Best Director","2014-03-02","Alfonso Cuarón","https://www.oscars.org/oscars/ceremonies/2014"
"Oscars","Industry","USA","2015","Best Director","2015-02-22","Alejandro G. Iñárritu","https://www.oscars.org/oscars/ceremonies/2015"
"Oscars","Industry","USA","2016","Best Director","2016-02-28","Alejandro G. Iñárritu","https://www.oscars.org/oscars/ceremonies/2016"
"Oscars","Industry","USA","2017","Best Director","2017-02-26","Damien Chazelle","https://www.oscars.org/oscars/ceremonies/2017"
"Oscars","Industry","USA","2018","Best Director","2018-03-04","Guillermo del Toro","https://www.oscars.org/oscars/ceremonies/2018"
"Oscars","Industry","USA","2019","Best Director","2019-02-24","Alfonso Cuarón","https://www.oscars.org/oscars/ceremonies/2019/O"
"Oscars","Industry","USA","2020","Best Director","2020-02-09","Bong Joon Ho","https://www.oscars.org/oscars/ceremonies/2020"
"Oscars","Industry","USA","2021","Best Director","2021-04-25","Chloé Zhao","https://www.oscars.org/oscars/ceremonies/2021"
"Oscars","Industry","USA","2022","Best Director","2022-03-27","Jane Campion","https://www.oscars.org/oscars/ceremonies/2022"
"Oscars","Industry","USA","2023","Best Director","2023-03-12","Daniel Kwan and Daniel Scheinert","https://www.oscars.org/oscars/ceremonies/2023"
"Oscars","Industry","USA","2024","Best Director","2024-03-10","Christopher Nolan","https://www.oscars.org/oscars/ceremonies/2024"
"Oscars","Industry","USA","2025","Best Director","2025-03-02","Sean Baker","https://www.oscars.org/oscars/ceremonies/2025"
"Oscars","Industry","USA","2026","Best Director","","",""
"Oscars","Industry","USA","2000","Best Actor","2000-03-26","Kevin Spacey","https://www.oscars.org/oscars/ceremonies/2000"
"Oscars","Industry","USA","2001","Best Actor","2001-03-25","Russell Crowe","https://www.oscars.org/oscars/ceremonies/2001"
"Oscars","Industry","USA","2002","Best Actor","2002-03-24","Denzel Washington","https://www.oscars.org/oscars/ceremonies/2002"
"Oscars","Industry","USA","2003","Best Actor","2003-03-23","Adrien Brody","https://www.oscars.org/oscars/ceremonies/2003"
"Oscars","Industry","USA","2004","Best Actor","2004-02-29","Sean Penn","https://www.oscars.org/oscars/ceremonies/2004"
"Oscars","Industry","USA","2005","Best Actor","2005-02-27","Jamie Foxx","https://www.oscars.org/oscars/ceremonies/2005"
"Oscars","Industry","USA","2006","Best Actor","2006-03-05","Philip Seymour Hoffman","https://en.wikipedia.org/wiki/78th_Academy_Awards"
"Oscars","Industry","USA","2007","Best Actor","2007-02-25","Forest Whitaker","https://www.oscars.org/oscars/ceremonies/2007"
"Oscars","Industry","USA","2008","Best Actor","2008-02-24","Daniel Day-Lewis","https://www.oscars.org/oscars/ceremonies/2008"
"Oscars","Industry","USA","2009","Best Actor","2009-02-22","Sean Penn","https://en.wikipedia.org/wiki/81st_Academy_Awards"
"Oscars","Industry","USA","2010","Best Actor","2010-03-07","Jeff Bridges","https://en.wikipedia.org/wiki/82nd_Academy_Awards"
"Oscars","Industry","USA","2011","Best Actor","2011-02-27","Colin Firth","https://www.oscars.org/oscars/ceremonies/2011"
"Oscars","Industry","USA","2012","Best Actor","2012-02-26","Jean Dujardin","https://www.oscars.org/oscars/ceremonies/2012"
"Oscars","Industry","USA","2013","Best Actor","","",""
"Oscars","Industry","USA","2014","Best Actor","2014-03-02","Matthew McConaughey","https://www.oscars.org/oscars/ceremonies/2014"
"Oscars","Industry","USA","2015","Best Actor","2015-02-22","Eddie Redmayne","https://www.oscars.org/oscars/ceremonies/2015"
"Oscars","Industry","USA","2016","Best Actor","2016-02-28","Leonardo DiCaprio","https://www.oscars.org/oscars/ceremonies/2016"
"Oscars","Industry","USA","2017","Best Actor","2017-02-26","Casey Affleck","https://www.oscars.org/oscars/ceremonies/2017"
"Oscars","Industry","USA","2018","Best Actor","2018-03-04","Gary Oldman","https://www.oscars.org/oscars/ceremonies/2018"
"Oscars","Industry","USA","2019","Best Actor","2019-02-24","Rami Malek","https://www.oscars.org/oscars/ceremonies/2019/O"
"Oscars","Industry","USA","2020","Best Actor","2020-02-09","Joaquin Phoenix","https://www.oscars.org/oscars/ceremonies/2020"
"Oscars","Industry","USA","2021","Best Actor","2021-04-25","Anthony Hopkins","https://www.oscars.org/oscars/ceremonies/2021"
"Oscars","Industry","USA","2022","Best Actor","2022-03-27","Will Smith","https://www.oscars.org/oscars/ceremonies/2022"
"Oscars","Industry","USA","2023","Best Actor","2023-03-12","Brendan Fraser","https://www.oscars.org/oscars/ceremonies/2023"
"Oscars","Industry","USA","2024","Best Actor","2024-03-10","Cillian Murphy","https://www.oscars.org/oscars/ceremonies/2024"
"Oscars","Industry","USA","2025","Best Actor","2025-03-02","Adrien Brody","https://www.oscars.org/oscars/ceremonies/2025"
"Oscars","Industry","USA","2026","Best Actor","","",""
"Oscars","Industry","USA","2000","Best Actress","2000-03-26","Hilary Swank","https://www.oscars.org/oscars/ceremonies/2000"
"Oscars","Industry","USA","2001","Best Actress","2001-03-25","Julia Roberts","https://www.oscars.org/oscars/ceremonies/2001"
"Oscars","Industry","USA","2002","Best Actress","2002-03-24","Halle Berry","https://www.oscars.org/oscars/ceremonies/2002"
"Oscars","Industry","USA","2003","Best Actress","2003-03-23","Nicole Kidman","https://www.oscars.org/oscars/ceremonies/2003"
"Oscars","Industry","USA","2004","Best Actress","2004-02-29","Charlize Theron","https://www.oscars.org/oscars/ceremonies/2004"
"Oscars","Industry","USA","2005","Best Actress","2005-02-27","Hilary Swank","https://www.oscars.org/oscars/ceremonies/2005"
"Oscars","Industry","USA","2006","Best Actress","2006-03-05","Reese Witherspoon","https://www.oscars.org/oscars/ceremonies/2006"
"Oscars","Industry","USA","2007","Best Actress","2007-02-25","Helen Mirren","https://www.oscars.org/oscars/ceremonies/2007"
"Oscars","Industry","USA","2008","Best Actress","2008-02-24","Marion Cotillard","https://www.oscars.org/oscars/ceremonies/2008"
"Oscars","Industry","USA","2009","Best Actress","2009-02-22","Kate Winslet","https://www.oscars.org/oscars/ceremonies/2009"
"Oscars","Industry","USA","2010","Best Actress","2010-03-07","Sandra Bullock","https://www.oscars.org/oscars/ceremonies/2010"
"Oscars","Industry","USA","2011","Best Actress","2011-02-27","Natalie Portman","https://www.oscars.org/oscars/ceremonies/2011"
"Oscars","Industry","USA","2012","Best Actress","2012-02-26","Meryl Streep","https://www.oscars.org/oscars/ceremonies/2012"
"Oscars","Industry","USA","2013","Best Actress","2013-02-24","Jennifer Lawrence","https://www.oscars.org/oscars/ceremonies/2013"
"Oscars","Industry","USA","2014","Best Actress","2014-03-02","Cate Blanchett","https://www.oscars.org/oscars/ceremonies/2014"
"Oscars","Industry","USA","2015","Best Actress","2015-02-22","Julianne Moore","https://www.oscars.org/oscars/ceremonies/2015"
"Oscars","Industry","USA","2016","Best Actress","2016-02-28","Brie Larson","https://www.oscars.org/oscars/ceremonies/2016"
"Oscars","Industry","USA","2017","Best Actress","2017-02-26","Emma Stone","https://www.oscars.org/oscars/ceremonies/2017"
"Oscars","Industry","USA","2018","Best Actress","2018-03-04","Frances McDormand","https://www.oscars.org/oscars/ceremonies/2018"
"Oscars","Industry","USA","2019","Best Actress","2019-02-24","Olivia Colman","https://www.oscars.org/oscars/ceremonies/2019/O"
"Oscars","Industry","USA","2020","Best Actress","2020-02-09","Renée Zellweger","https://www.oscars.org/oscars/ceremonies/2020"
"Oscars","Industry","USA","2021","Best Actress","2021-04-25","Frances McDormand","https://www.oscars.org/oscars/ceremonies/2021"
"Oscars","Industry","USA","2022","Best Actress","2022-03-27","Jessica Chastain","https://en.wikipedia.org/wiki/94th_Academy_Awards"
"Oscars","Industry","USA","2023","Best Actress","2023-03-12","Michelle Yeoh","https://www.oscars.org/oscars/ceremonies/2023"
"Oscars","Industry","USA","2024","Best Actress","2024-03-10","Emma Stone","https://www.oscars.org/oscars/ceremonies/2024"
"Oscars","Industry","USA","2025","Best Actress","2025-03-02","Mikey Madison","https://abc.com/news/8d96bb37-bd59-4c28-a470-46f244f63b3b/category/3590742"
"Oscars","Industry","USA","2026","Best Actress","","",""
"Oscars","Industry","USA","2000","Best Supporting Actor","2000-03-26","Michael Caine","https://www.oscars.org/oscars/ceremonies/2000"
"Oscars","Industry","USA","2001","Best Supporting Actor","2001-03-25","Benicio Del Toro","https://www.oscars.org/oscars/ceremonies/2001"
"Oscars","Industry","USA","2002","Best Supporting Actor","2002-03-24","Jim Broadbent","https://www.oscars.org/oscars/ceremonies/2002"
"Oscars","Industry","USA","2003","Best Supporting Actor","2003-03-23","Chris Cooper","https://en.wikipedia.org/wiki/75th_Academy_Awards"
"Oscars","Industry","USA","2004","Best Supporting Actor","2004-02-29","Tim Robbins","https://www.oscars.org/oscars/ceremonies/2004"
"Oscars","Industry","USA","2005","Best Supporting Actor","2005-02-27","Morgan Freeman","https://www.oscars.org/oscars/ceremonies/2005"
"Oscars","Industry","USA","2006","Best Supporting Actor","2006-03-05","George Clooney","https://www.oscars.org/oscars/ceremonies/2006"
"Oscars","Industry","USA","2007","Best Supporting Actor","2007-02-25","Alan Arkin","https://www.oscars.org/oscars/ceremonies/2007"
"Oscars","Industry","USA","2008","Best Supporting Actor","2008-02-24","Javier Bardem","https://www.oscars.org/oscars/ceremonies/2008"
"Oscars","Industry","USA","2009","Best Supporting Actor","2009-02-22","Heath Ledger","https://www.oscars.org/oscars/ceremonies/2009"
"Oscars","Industry","USA","2010","Best Supporting Actor","2010-03-07","Christoph Waltz","https://www.oscars.org/oscars/ceremonies/2010"
"Oscars","Industry","USA","2011","Best Supporting Actor","2011-02-27","Christian Bale","https://www.oscars.org/oscars/ceremonies/2011"
"Oscars","Industry","USA","2012","Best Supporting Actor","2012-02-26","Christopher Plummer","https://www.oscars.org/oscars/ceremonies/2012"
"Oscars","Industry","USA","2013","Best Supporting Actor","2013-02-24","Christoph Waltz","https://www.oscars.org/oscars/ceremonies/2013"
"Oscars","Industry","USA","2014","Best Supporting Actor","2014-03-02","Jared Leto","https://www.oscars.org/oscars/ceremonies/2014"
"Oscars","Industry","USA","2015","Best Supporting Actor","2015-02-22","J. K. Simmons","https://en.wikipedia.org/wiki/87th_Academy_Awards"
"Oscars","Industry","USA","2016","Best Supporting Actor","2016-02-28","Mark Rylance","https://www.oscars.org/oscars/ceremonies/2016"
"Oscars","Industry","USA","2017","Best Supporting Actor","2017-02-26","Mahershala Ali","https://www.oscars.org/oscars/ceremonies/2017"
"Oscars","Industry","USA","2018","Best Supporting Actor","2018-03-04","Sam Rockwell","https://www.oscars.org/oscars/ceremonies/2018"
"Oscars","Industry","USA","2019","Best Supporting Actor","2019-02-24","Mahershala Ali","https://www.oscars.org/oscars/ceremonies/2019"
"Oscars","Industry","USA","2020","Best Supporting Actor","2020-02-09","Brad Pitt","https://www.oscars.org/oscars/ceremonies/2020"
"Oscars","Industry","USA","2021","Best Supporting Actor","2021-04-25","Daniel Kaluuya","https://www.oscars.org/oscars/ceremonies/2021"
"Oscars","Industry","USA","2022","Best Supporting Actor","2022-03-27","Troy Kotsur","https://www.oscars.org/oscars/ceremonies/2022"
"Oscars","Industry","USA","2023","Best Supporting Actor","2023-03-12","Ke Huy Quan","https://www.oscars.org/oscars/ceremonies/2023"
"Oscars","Industry","USA","2024","Best Supporting Actor","2024-03-10","Robert Downey Jr.","https://www.oscars.org/oscars/ceremonies/2024"
"Oscars","Industry","USA","2025","Best Supporting Actor","2025-03-02","Kieran Culkin","https://abc7.com/post/oscars-2025-kieran-culkin-wins-best-actor-supporting-role-97th-academy-awards/15962908/"
"Oscars","Industry","USA","2026","Best Supporting Actor","","",""
"Oscars","Industry","USA","2000","Best Supporting Actress","2000-03-26","Angelina Jolie","https://www.oscars.org/oscars/ceremonies/2000"
"Oscars","Industry","USA","2001","Best Supporting Actress","2001-03-25","Marcia Gay Harden","https://en.wikipedia.org/wiki/73rd_Academy_Awards"
"Oscars","Industry","USA","2002","Best Supporting Actress","2002-03-24","Jennifer Connelly","https://www.oscars.org/oscars/ceremonies/2002"
"Oscars","Industry","USA","2003","Best Supporting Actress","2003-03-23","Catherine Zeta-Jones","https://www.oscars.org/oscars/ceremonies/2003"
"Oscars","Industry","USA","2004","Best Supporting Actress","2004-02-29","Renée Zellweger","https://www.oscars.org/oscars/ceremonies/2004"
"Oscars","Industry","USA","2005","Best Supporting Actress","2005-02-27","Cate Blanchett","https://www.oscars.org/oscars/ceremonies/2005"
"Oscars","Industry","USA","2006","Best Supporting Actress","2006-03-05","Rachel Weisz","https://www.oscars.org/oscars/ceremonies/2006"
"Oscars","Industry","USA","2007","Best Supporting Actress","2007-02-25","Jennifer Hudson","https://www.oscars.org/oscars/ceremonies/2007"
"Oscars","Industry","USA","2008","Best Supporting Actress","2008-02-24","Tilda Swinton","https://www.oscars.org/oscars/ceremonies/2008"
"Oscars","Industry","USA","2009","Best Supporting Actress","2009-02-22","Penélope Cruz","https://www.oscars.org/oscars/ceremonies/2009"
"Oscars","Industry","USA","2010","Best Supporting Actress","2010-03-07","Mo'Nique","https://www.oscars.org/oscars/ceremonies/2010"
"Oscars","Industry","USA","2011","Best Supporting Actress","2011-02-27","Melissa Leo","https://www.oscars.org/oscars/ceremonies/2011"
"Oscars","Industry","USA","2012","Best Supporting Actress","2012-02-26","Octavia Spencer","https://www.oscars.org/oscars/ceremonies/2012"
"Oscars","Industry","USA","2013","Best Supporting Actress","2013-02-24","Anne Hathaway","https://en.wikipedia.org/wiki/85th_Academy_Awards"
"Oscars","Industry","USA","2014","Best Supporting Actress","2014-03-02","Lupita Nyong'o","https://www.oscars.org/oscars/ceremonies/2014"
"Oscars","Industry","USA","2015","Best Supporting Actress","2015-02-22","Patricia Arquette","https://www.oscars.org/oscars/ceremonies/2015"
"Oscars","Industry","USA","2016","Best Supporting Actress","2016-02-28","Alicia Vikander","https://www.oscars.org/oscars/ceremonies/2016"
"Oscars","Industry","USA","2017","Best Supporting Actress","2017-02-26","Viola Davis","https://www.oscars.org/oscars/ceremonies/2017"
"Oscars","Industry","USA","2018","Best Supporting Actress","2018-03-04","Allison Janney","https://www.oscars.org/oscars/ceremonies/2018"
"Oscars","Industry","USA","2019","Best Supporting Actress","2019-02-24","Regina King","https://www.oscars.org/oscars/ceremonies/2019"
"Oscars","Industry","USA","2020","Best Supporting Actress","2020-02-09","Laura Dern","https://www.oscars.org/oscars/ceremonies/2020"
"Oscars","Industry","USA","2021","Best Supporting Actress","2021-04-25","Yuh-Jung Youn","https://www.oscars.org/oscars/ceremonies/2021"
"Oscars","Industry","USA","2022","Best Supporting Actress","2022-03-27","Ariana DeBose","https://www.oscars.org/oscars/ceremonies/2022"
"Oscars","Industry","USA","2023","Best Supporting Actress","2023-03-12","Jamie Lee Curtis","https://www.oscars.org/oscars/ceremonies/2023"
"Oscars","Industry","USA","2024","Best Supporting Actress","2024-03-10","Da'Vine Joy Randolph","https://www.oscars.org/oscars/ceremonies/2024"
"Oscars","Industry","USA","2025","Best Supporting Actress","2025-03-02","Zoe Saldaña","https://www.oscars.org/oscars/ceremonies/2025"
"Oscars","Industry","USA","2026","Best Supporting Actress","2026-03-15","","https://www.oscars.org/oscars/ceremonies/2026"
"Oscars","Industry","USA","2000","Best Cinematography","2000-03-26","Conrad L. Hall","https://www.oscars.org/oscars/ceremonies/2000"
"Oscars","Industry","USA","2001","Best Cinematography","2001-03-25","Peter Pau","https://www.oscars.org/oscars/ceremonies/2001"
"Oscars","Industry","USA","2002","Best Cinematography","2002-03-24","Andrew Lesnie (The Lord of the Rings: The Fellowship of the Ring)","https://www.oscars.org/oscars/ceremonies/2002"
"Oscars","Industry","USA","2003","Best Cinematography","2003-03-23","Conrad Hall (Road to Perdition)","https://en.wikipedia.org/wiki/75th_Academy_Awards"
"Oscars","Industry","USA","2004","Best Cinematography","2004-02-29","Russell Boyd for 'Master and Commander: The Far Side of the World'","https://www.oscars.org/oscars/ceremonies/2004"
"Oscars","Industry","USA","2005","Best Cinematography","2005-02-27","Robert Richardson (The Aviator)","https://www.oscars.org/oscars/ceremonies/2005"
"Oscars","Industry","USA","2006","Best Cinematography","2006-03-05","Dion Beebe (Memoirs of a Geisha)","https://en.wikipedia.org/wiki/78th_Academy_Awards"
"Oscars","Industry","USA","2007","Best Cinematography","2007-02-25","Guillermo Navarro (Pan's Labyrinth)","https://www.oscars.org/oscars/ceremonies/2007"
"Oscars","Industry","USA","2008","Best Cinematography","2008-02-24","Robert Elswit (There Will Be Blood)","https://www.oscars.org/oscars/ceremonies/2008"
"Oscars","Industry","USA","2009","Best Cinematography","2009-02-22","Anthony Dod Mantle (Slumdog Millionaire)","https://www.oscars.org/oscars/ceremonies/2009"
"Oscars","Industry","USA","2010","Best Cinematography","2010-03-07","Mauro Fiore (Avatar)","https://www.oscars.org/oscars/ceremonies/2010"
"Oscars","Industry","USA","2011","Best Cinematography","2011-02-27","Wally Pfister (Inception)","https://www.oscars.org/oscars/ceremonies/2011"
"Oscars","Industry","USA","2012","Best Cinematography","2012-02-26","Robert Richardson (Hugo)","https://www.oscars.org/oscars/ceremonies/2012"
"Oscars","Industry","USA","2013","Best Cinematography","2013-02-24","Claudio Miranda (Life of Pi)","https://www.oscars.org/oscars/ceremonies/2013"
"Oscars","Industry","USA","2014","Best Cinematography","2014-03-02","Emmanuel Lubezki","https://www.oscars.org/oscars/ceremonies/2014"
"Oscars","Industry","USA","2015","Best Cinematography","2015-02-22","Emmanuel Lubezki (Birdman or (The Unexpected Virtue of Ignorance))","https://www.oscars.org/oscars/ceremonies/2015"
"Oscars","Industry","USA","2016","Best Cinematography","2016-02-28","Emmanuel Lubezki","https://www.oscars.org/oscars/ceremonies/2016"
"Oscars","Industry","USA","2017","Best Cinematography","2017-02-26","Linus Sandgren (La La Land)","https://www.oscars.org/oscars/ceremonies/2017"
"Oscars","Industry","USA","2018","Best Cinematography","2018-03-04","Roger A. Deakins (Blade Runner 2049)","https://www.oscars.org/oscars/ceremonies/2018"
"Oscars","Industry","USA","2019","Best Cinematography","2019-02-24","Alfonso Cuarón (Roma)","https://www.oscars.org/oscars/ceremonies/2019"
"Oscars","Industry","USA","2020","Best Cinematography","2020-02-09","Roger Deakins (1917)","https://www.oscars.org/oscars/ceremonies/2020"
"Oscars","Industry","USA","2021","Best Cinematography","2021-04-25","Erik Messerschmidt (Mank)","https://www.oscars.org/oscars/ceremonies/2021"
"Oscars","Industry","USA","2022","Best Cinematography","2022-03-27","Greig Fraser (Dune)","https://www.oscars.org/oscars/ceremonies/2022"
"Oscars","Industry","USA","2023","Best Cinematography","2023-03-12","James Friend (All Quiet on the Western Front)","https://www.oscars.org/oscars/ceremonies/2023"
"Oscars","Industry","USA","2024","Best Cinematography","2024-03-10","Hoyte van Hoytema (Oppenheimer)","https://www.oscars.org/oscars/ceremonies/2024"
"Oscars","Industry","USA","2025","Best Cinematography","2025-03-02","Lol Crawley (The Brutalist)","https://abc.com/news/8d96bb37-bd59-4c28-a470-46f244f63b3b/category/3590742"
"Oscars","Industry","USA","2026","Best Cinematography","","",""
"Oscars","Industry","USA","2000","Best Film Editing","2000-03-26","Zach Staenberg (for The Matrix)","https://www.oscars.org/oscars/ceremonies/2000"
"Oscars","Industry","USA","2001","Best Film Editing","","",""
"Oscars","Industry","USA","2002","Best Film Editing","2002-03-24","Pietro Scalia (for Black Hawk Down)","https://www.oscars.org/oscars/ceremonies/2002"
"Oscars","Industry","USA","2003","Best Film Editing","2003-03-23","Martin Walsh (Chicago)","https://en.wikipedia.org/wiki/75th_Academy_Awards"
"Oscars","Industry","USA","2004","Best Film Editing","2004-02-29","Jamie Selkirk (The Lord of the Rings: The Return of the King)","https://www.oscars.org/oscars/ceremonies/2004"
"Oscars","Industry","USA","2005","Best Film Editing","2005-02-27","Thelma Schoonmaker (The Aviator)","https://www.oscars.org/oscars/ceremonies/2005"
"Oscars","Industry","USA","2006","Best Film Editing","2006-03-05","Hughes Winborne (Crash)","https://www.oscars.org/oscars/ceremonies/2006"
"Oscars","Industry","USA","2007","Best Film Editing","2007-02-25","Thelma Schoonmaker (The Departed)","https://www.oscars.org/oscars/ceremonies/2007"
"Oscars","Industry","USA","2008","Best Film Editing","2008-02-24","Christopher Rouse (The Bourne Ultimatum)","https://www.oscars.org/oscars/ceremonies/2008"
"Oscars","Industry","USA","2009","Best Film Editing","2009-02-22","Chris Dickens (Slumdog Millionaire)","https://www.oscars.org/oscars/ceremonies/2009"
"Oscars","Industry","USA","2010","Best Film Editing","2010-03-07","Bob Murawski and Chris Innis (The Hurt Locker)","https://www.oscars.org/oscars/ceremonies/2010"
"Oscars","Industry","USA","2011","Best Film Editing","2011-02-27","The Social Network (Angus Wall and Kirk Baxter)","https://www.oscars.org/oscars/ceremonies/2011"
"Oscars","Industry","USA","2012","Best Film Editing","2012-02-26","The Girl with the Dragon Tattoo (Kirk Baxter and Angus Wall)","https://www.oscars.org/oscars/ceremonies/2012"
"Oscars","Industry","USA","2013","Best Film Editing","2013-02-24","William Goldenberg (Argo)","https://en.wikipedia.org/wiki/85th_Academy_Awards"
"Oscars","Industry","USA","2014","Best Film Editing","2014-03-02","Alfonso Cuarón and Mark Sanger for Gravity","https://www.oscars.org/oscars/ceremonies/2014"
"Oscars","Industry","USA","2015","Best Film Editing","2015-02-22","Tom Cross (Whiplash)","https://www.oscars.org/oscars/ceremonies/2015"
"Oscars","Industry","USA","2016","Best Film Editing","2016-02-28","Margaret Sixel (Mad Max: Fury Road)","https://www.oscars.org/oscars/ceremonies/2016"
"Oscars","Industry","USA","2017","Best Film Editing","2017-02-26","John Gilbert (Hacksaw Ridge)","https://www.oscars.org/oscars/ceremonies/2017"
"Oscars","Industry","USA","2018","Best Film Editing","2018-03-04","Lee Smith (Dunkirk)","https://www.oscars.org/oscars/ceremonies/2018"
"Oscars","Industry","USA","2019","Best Film Editing","2019-02-24","John Ottman (Bohemian Rhapsody)","https://deadline.com/2019/02/bohemian-rhapsody-john-ottman-wins-oscar-best-editing-1202563980/"
"Oscars","Industry","USA","2020","Best Film Editing","2020-02-09","Michael McCusker and Andrew Buckland (Ford v Ferrari)","https://www.oscars.org/oscars/ceremonies/2020"
"Oscars","Industry","USA","2021","Best Film Editing","2021-04-25","Mikkel E. G. Nielsen (Sound of Metal)","https://en.wikipedia.org/wiki/93rd_Academy_Awards"
"Oscars","Industry","USA","2022","Best Film Editing","2022-03-27","Joe Walker (Dune)","https://www.oscars.org/oscars/ceremonies/2022"
"Oscars","Industry","USA","2023","Best Film Editing","2023-03-12","Paul Rogers (Everything Everywhere All at Once)","https://www.oscars.org/oscars/ceremonies/2023"
"Oscars","Industry","USA","2024","Best Film Editing","2024-03-10","Jennifer Lame (Oppenheimer)","https://www.oscars.org/oscars/ceremonies/2024"
"Oscars","Industry","USA","2025","Best Film Editing","2025-03-02","Sean Baker (Anora)","https://abc.com/news/8d96bb37-bd59-4c28-a470-46f244f63b3b/category/3590742"
"Oscars","Industry","USA","2026","Best Film Editing","","",""
"Oscars","Industry","USA","2000","Best Adapted Screenplay","2000-03-26","John Irving","https://www.oscars.org/oscars/ceremonies/2000"
"Oscars","Industry","USA","2001","Best Adapted Screenplay","2001-03-25","Stephen Gaghan (for Traffic)","https://www.oscars.org/oscars/ceremonies/2001"
"Oscars","Industry","USA","2002","Best Adapted Screenplay","2002-03-24","Akiva Goldsman (A Beautiful Mind)","https://www.oscars.org/oscars/ceremonies/2002"
"Oscars","Industry","USA","2003","Best Adapted Screenplay","2003-03-23","The Pianist (Ronald Harwood)","https://www.oscars.org/oscars/ceremonies/2003"
"Oscars","Industry","USA","2004","Best Adapted Screenplay","2004-02-29","The Lord of the Rings: The Return of the King (Fran Walsh, Philippa Boyens, and Peter Jackson)","https://www.oscars.org/oscars/ceremonies/2004"
"Oscars","Industry","USA","2005","Best Adapted Screenplay","2005-02-27","Alexander Payne & Jim Taylor (Sideways)","https://www.oscars.org/oscars/ceremonies/2005"
"Oscars","Industry","USA","2006","Best Adapted Screenplay","2006-03-05","Brokeback Mountain (Screenplay by Larry McMurtry & Diana Ossana)","https://www.oscars.org/oscars/ceremonies/2006"
"Oscars","Industry","USA","2007","Best Adapted Screenplay","2007-02-25","The Departed (William Monahan)","https://www.oscars.org/oscars/ceremonies/2007"
"Oscars","Industry","USA","2008","Best Adapted Screenplay","2008-02-24","No Country for Old Men (Joel Coen & Ethan Coen)","https://www.oscars.org/oscars/ceremonies/2008/A--E"
"Oscars","Industry","USA","2009","Best Adapted Screenplay","2009-02-22","Slumdog Millionaire (Simon Beaufoy)","https://www.oscars.org/oscars/ceremonies/2009"
"Oscars","Industry","USA","2010","Best Adapted Screenplay","2010-03-07","Precious: Based on the Novel 'Push' by Sapphire (Geoffrey Fletcher)","https://www.oscars.org/oscars/ceremonies/2010"
"Oscars","Industry","USA","2011","Best Adapted Screenplay","2011-02-27","Aaron Sorkin (The Social Network)","https://www.oscars.org/oscars/ceremonies/2011"
"Oscars","Industry","USA","2012","Best Adapted Screenplay","2012-02-26","The Descendants (Alexander Payne, Nat Faxon, and Jim Rash)","https://www.oscars.org/oscars/ceremonies/2012"
"Oscars","Industry","USA","2013","Best Adapted Screenplay","2013-02-24","Chris Terrio (Argo)","https://www.oscars.org/oscars/ceremonies/2013"
"Oscars","Industry","USA","2014","Best Adapted Screenplay","2014-03-02","John Ridley (12 Years a Slave)","https://www.oscars.org/oscars/ceremonies/2014"
"Oscars","Industry","USA","2015","Best Adapted Screenplay","2015-02-22","The Imitation Game (Graham Moore)","https://www.oscars.org/oscars/ceremonies/2015"
"Oscars","Industry","USA","2016","Best Adapted Screenplay","2016-02-28","The Big Short (Charles Randolph and Adam McKay)","https://en.wikipedia.org/wiki/88th_Academy_Awards"
"Oscars","Industry","USA","2017","Best Adapted Screenplay","2017-02-26","Moonlight (Barry Jenkins and Tarell Alvin McCraney)","https://www.oscars.org/oscars/ceremonies/2017"
"Oscars","Industry","USA","2018","Best Adapted Screenplay","2018-03-04","James Ivory (Call Me by Your Name)","https://en.wikipedia.org/wiki/90th_Academy_Awards"
"Oscars","Industry","USA","2019","Best Adapted Screenplay","2019-02-24","Charlie Wachtel, David Rabinowitz, Kevin Willmott, and Spike Lee (BlacKkKlansman)","https://www.oscars.org/oscars/ceremonies/2019"
"Oscars","Industry","USA","2020","Best Adapted Screenplay","2020-02-09","Taika Waititi (Jojo Rabbit)","https://www.oscars.org/oscars/ceremonies/2020"
"Oscars","Industry","USA","2021","Best Adapted Screenplay","2021-04-25","The Father (Screenplay by Christopher Hampton and Florian Zeller)","https://www.oscars.org/oscars/ceremonies/2021"
"Oscars","Industry","USA","2022","Best Adapted Screenplay","2022-03-27","CODA (Siân Heder)","https://www.oscars.org/oscars/ceremonies/2022"
"Oscars","Industry","USA","2023","Best Adapted Screenplay","2023-03-12","Women Talking (Sarah Polley)","https://www.oscars.org/oscars/ceremonies/2023"
"Oscars","Industry","USA","2024","Best Adapted Screenplay","2024-03-10","American Fiction","https://www.oscars.org/oscars/ceremonies/2024"
"Oscars","Industry","USA","2025","Best Adapted Screenplay","2025-03-02","Conclave","https://www.oscars.org/oscars/ceremonies/2025"
"Oscars","Industry","USA","2026","Best Adapted Screenplay","","",""
"Oscars","Industry","USA","2000","Best Original Screenplay","2000-03-26","Alan Ball (American Beauty)","https://www.oscars.org/oscars/ceremonies/2000"
"Oscars","Industry","USA","2001","Best Original Screenplay","2001-03-25","Cameron Crowe (Almost Famous)","https://en.wikipedia.org/wiki/73rd_Academy_Awards"
"Oscars","Industry","USA","2002","Best Original Screenplay","2002-03-24","Julian Fellowes (Gosford Park)","https://en.wikipedia.org/wiki/74th_Academy_Awards"
"Oscars","Industry","USA","2003","Best Original Screenplay","2003-03-23","Pedro Almodóvar (Talk to Her)","https://www.oscars.org/oscars/ceremonies/2003"
"Oscars","Industry","USA","2004","Best Original Screenplay","2004-02-29","Sofia Coppola (Lost in Translation)","https://www.oscars.org/oscars/ceremonies/2004"
"Oscars","Industry","USA","2005","Best Original Screenplay","2005-02-27","Eternal Sunshine of the Spotless Mind (Charlie Kaufman, Michel Gondry, and Pierre Bismuth)","https://en.wikipedia.org/wiki/77th_Academy_Awards"
"Oscars","Industry","USA","2006","Best Original Screenplay","2006-03-05","Crash (Paul Haggis and Bobby Moresco)","https://en.wikipedia.org/wiki/78th_Academy_Awards"
"Oscars","Industry","USA","2007","Best Original Screenplay","2007-02-25","Michael Arndt (Little Miss Sunshine)","https://www.oscars.org/oscars/ceremonies/2007"
"Oscars","Industry","USA","2008","Best Original Screenplay","2008-02-24","Juno (Diablo Cody)","https://www.oscars.org/oscars/ceremonies/2008"
"Oscars","Industry","USA","2009","Best Original Screenplay","2009-02-22","Dustin Lance Black (Milk)","https://www.oscars.org/oscars/ceremonies/2009"
"Oscars","Industry","USA","2010","Best Original Screenplay","2010-03-07","Mark Boal (The Hurt Locker)","https://www.oscars.org/oscars/ceremonies/2010"
"Oscars","Industry","USA","2011","Best Original Screenplay","2011-02-27","David Seidler (The King's Speech)","https://www.oscars.org/oscars/ceremonies/2011"
"Oscars","Industry","USA","2012","Best Original Screenplay","2012-02-26","Woody Allen (Midnight in Paris)","https://www.oscars.org/oscars/ceremonies/2012"
"Oscars","Industry","USA","2013","Best Original Screenplay","2013-02-24","Quentin Tarantino (Django Unchained)","https://www.oscars.org/oscars/ceremonies/2013"
"Oscars","Industry","USA","2014","Best Original Screenplay","2014-03-02","Spike Jonze (Her)","https://en.wikipedia.org/wiki/86th_Academy_Awards"
"Oscars","Industry","USA","2015","Best Original Screenplay","2015-02-22","Alejandro G. Iñárritu, Nicolás Giacobone, Alexander Dinelaris, Jr. & Armando Bo (Birdman or (The Unexpected Virtue of Ignorance))","https://www.oscars.org/oscars/ceremonies/2015"
"Oscars","Industry","USA","2016","Best Original Screenplay","2016-02-28","Spotlight (Josh Singer & Tom McCarthy)","https://www.oscars.org/oscars/ceremonies/2016"
"Oscars","Industry","USA","2017","Best Original Screenplay","2017-02-26","Manchester by the Sea (Kenneth Lonergan)","https://www.oscars.org/oscars/ceremonies/2017"
"Oscars","Industry","USA","2018","Best Original Screenplay","2018-03-04","Jordan Peele (Get Out)","https://www.oscars.org/oscars/ceremonies/2018"
"Oscars","Industry","USA","2019","Best Original Screenplay","","",""
"Oscars","Industry","USA","2020","Best Original Screenplay","2020-02-09","Parasite (Bong Joon Ho and Han Jin Won)","https://www.oscars.org/oscars/ceremonies/2020"
"Oscars","Industry","USA","2021","Best Original Screenplay","2021-04-25","Emerald Fennell (Promising Young Woman)","https://www.oscars.org/oscars/ceremonies/2021"
"Oscars","Industry","USA","2022","Best Original Screenplay","2022-03-27","Belfast (Written by Kenneth Branagh)","https://www.oscars.org/oscars/ceremonies/2022"
"Oscars","Industry","USA","2023","Best Original Screenplay","2023-03-12","Everything Everywhere All at Once (Written by Daniel Kwan & Daniel Scheinert)","https://www.oscars.org/oscars/ceremonies/2023"
"Oscars","Industry","USA","2024","Best Original Screenplay","2024-03-10","Anatomy of a Fall (Justine Triet and Arthur Harari)","https://www.oscars.org/oscars/ceremonies/2024"
"Oscars","Industry","USA","2025","Best Original Screenplay","2025-03-02","Anora (Sean Baker)","https://www.oscars.org/oscars/ceremonies/2025"
"Oscars","Industry","USA","2026","Best Original Screenplay","","",""
"Oscars","Industry","USA","2000","Best Original Song","2000-03-26","Phil Collins for ""You'll Be in My Heart"" from Tarzan","https://www.oscars.org/oscars/ceremonies/2000"
"Oscars","Industry","USA","2001","Best Original Song","2001-03-25","Things Have Changed (from Wonder Boys); Music and Lyric by Bob Dylan","https://www.oscars.org/oscars/ceremonies/2001"
"Oscars","Industry","USA","2002","Best Original Song","2002-03-24","""If I Didn't Have You"" from Monsters, Inc. (Randy Newman)","https://www.oscars.org/oscars/ceremonies/2002"
"Oscars","Industry","USA","2003","Best Original Song","2003-03-23","""Lose Yourself"" from 8 Mile; Music by Eminem, Jeff Bass and Luis Resto; Lyric by Eminem","https://www.oscars.org/oscars/ceremonies/2003"
"Oscars","Industry","USA","2004","Best Original Song","2004-02-29","""Into the West"" from The Lord of the Rings: The Return of the King (Music and Lyric by Fran Walsh, Howard Shore and Annie Lennox)","https://www.oscars.org/oscars/ceremonies/2004"
"Oscars","Industry","USA","2005","Best Original Song","2005-02-27","""Al otro lado del río"" from The Motorcycle Diaries (Music and Lyric by Jorge Drexler)","https://www.oscars.org/oscars/ceremonies/2005"
"Oscars","Industry","USA","2006","Best Original Song","2006-03-05","It's Hard Out Here For A Pimp","https://www.oscars.org/oscars/ceremonies/2006"
"Oscars","Industry","USA","2007","Best Original Song","2007-02-25","""I Need to Wake Up"" from An Inconvenient Truth; Music and Lyrics by Melissa Etheridge","https://www.oscars.org/oscars/ceremonies/2007"
"Oscars","Industry","USA","2008","Best Original Song","2008-02-24","""Falling Slowly"" from Once (Glen Hansard and Markéta Irglová)","https://en.wikipedia.org/wiki/80th_Academy_Awards"
"Oscars","Industry","USA","2009","Best Original Song","2009-02-22","""Jai Ho"" from Slumdog Millionaire (Music by A.R. Rahman; Lyric by Gulzar)","https://www.oscars.org/oscars/ceremonies/2009"
"Oscars","Industry","USA","2010","Best Original Song","2010-03-07","""The Weary Kind (Theme From Crazy Heart)"" from Crazy Heart; Music and Lyric by Ryan Bingham and T Bone Burnett","https://www.oscars.org/oscars/ceremonies/2010"
"Oscars","Industry","USA","2011","Best Original Song","2011-02-27","""We Belong Together"" from Toy Story 3 (Music and Lyric by Randy Newman)","https://www.oscars.org/oscars/ceremonies/2011"
"Oscars","Industry","USA","2012","Best Original Song","2012-02-26","""Man or Muppet"" from The Muppets; Music and Lyric by Bret McKenzie","https://www.oscars.org/oscars/ceremonies/2012"
"Oscars","Industry","USA","2013","Best Original Song","2013-02-24","""Skyfall"" from Skyfall; Music and Lyric by Adele Adkins and Paul Epworth","https://en.wikipedia.org/wiki/85th_Academy_Awards"
"Oscars","Industry","USA","2014","Best Original Song","2014-03-02","""Let It Go"" from Frozen (Kristen Anderson-Lopez and Robert Lopez)","https://www.oscars.org/oscars/ceremonies/2014"
"Oscars","Industry","USA","2015","Best Original Song","2015-02-22","""Glory"" from Selma (John Stephens and Lonnie Lynn)","https://www.oscars.org/oscars/ceremonies/2015"
"Oscars","Industry","USA","2016","Best Original Song","2016-02-28","""Writing's On The Wall"" from Spectre (Jimmy Napes and Sam Smith)","https://www.oscars.org/oscars/ceremonies/2016"
"Oscars","Industry","USA","2017","Best Original Song","2017-02-26","""City of Stars"" from La La Land; Music by Justin Hurwitz; Lyric by Benj Pasek and Justin Paul","https://www.oscars.org/oscars/ceremonies/2017"
"Oscars","Industry","USA","2018","Best Original Song","2018-03-04","""Remember Me"" from Coco (Music and Lyric by Kristen Anderson-Lopez and Robert Lopez)","https://www.oscars.org/oscars/ceremonies/2018"
"Oscars","Industry","USA","2019","Best Original Song","2019-02-24","Shallow (from A Star Is Born); Music and Lyric by Lady Gaga, Mark Ronson, Anthony Rossomando and Andrew Wyatt","https://www.oscars.org/oscars/ceremonies/2019"
"Oscars","Industry","USA","2020","Best Original Song","2020-02-09","""(I'm Gonna) Love Me Again"" from Rocketman; Music by Elton John; Lyric by Bernie Taupin","https://www.oscars.org/oscars/ceremonies/2020"
"Oscars","Industry","USA","2021","Best Original Song","2021-04-25","""Fight For You"" from Judas and the Black Messiah (Music by H.E.R. and Dernst Emile II; Lyric by H.E.R. and Tiara Thomas)","https://en.wikipedia.org/wiki/93rd_Academy_Awards"
"Oscars","Industry","USA","2022","Best Original Song","2022-03-27","""No Time To Die"" (Billie Eilish and Finneas O'Connell)","https://www.oscars.org/oscars/ceremonies/2022"
"Oscars","Industry","USA","2023","Best Original Song","2023-03-12","""Naatu Naatu"" from RRR; Music by M.M. Keeravaani; Lyric by Chandrabose","https://www.oscars.org/oscars/ceremonies/2023"
"Oscars","Industry","USA","2024","Best Original Song","2024-03-10","""What Was I Made For?"" from Barbie (Music and Lyric by Billie Eilish and Finneas O'Connell)","https://variety.com/2024/music/news/billie-eilish-finneas-best-song-oscar-barbie-1235935739/"
"Oscars","Industry","USA","2025","Best Original Song","2025-03-02","""El Mal"" from Emilia Pérez (Camille Dalmais, Clément Ducol, and Jacques Audiard)","https://variety.com/2025/film/news/el-mal-oscars-best-original-song-emilia-perez-winner-1236324877/"
"Oscars","Industry","USA","2026","Best Original Song","","",""
"Oscars","Industry","USA","2000","Best Original Score","2000-03-26","The Red Violin (John Corigliano)","https://www.oscars.org/oscars/ceremonies/2000"
"Oscars","Industry","USA","2001","Best Original Score","2001-03-25","Tan Dun (Crouching Tiger, Hidden Dragon)","https://www.oscars.org/oscars/ceremonies/2001"
"Oscars","Industry","USA","2002","Best Original Score","2002-03-24","Howard Shore (The Lord of the Rings: The Fellowship of the Ring)","https://www.oscars.org/oscars/ceremonies/2002"
"Oscars","Industry","USA","2003","Best Original Score","2003-03-23","Elliot Goldenthal (Frida)","https://www.oscars.org/oscars/ceremonies/2003"
"Oscars","Industry","USA","2004","Best Original Score","2004-02-29","The Lord of the Rings: The Return of the King (Howard Shore)","https://www.oscars.org/oscars/ceremonies/2004"
"Oscars","Industry","USA","2005","Best Original Score","2005-02-27","Jan A.P. Kaczmarek (Finding Neverland)","https://www.oscars.org/oscars/ceremonies/2005"
"Oscars","Industry","USA","2006","Best Original Score","2006-03-05","Gustavo Santaolalla (Brokeback Mountain)","https://www.oscars.org/oscars/ceremonies/2006"
"Oscars","Industry","USA","2007","Best Original Score","2007-02-25","Gustavo Santaolalla (Babel)","https://www.oscars.org/oscars/ceremonies/2007"
"Oscars","Industry","USA","2008","Best Original Score","2008-02-24","Atonement","https://www.oscars.org/oscars/ceremonies/2008"
"Oscars","Industry","USA","2009","Best Original Score","2009-02-22","A.R. Rahman (Slumdog Millionaire)","https://www.oscars.org/oscars/ceremonies/2009"
"Oscars","Industry","USA","2010","Best Original Score","2010-03-07","Michael Giacchino (Up)","https://en.wikipedia.org/wiki/82nd_Academy_Awards"
"Oscars","Industry","USA","2011","Best Original Score","2011-02-27","Trent Reznor and Atticus Ross (The Social Network)","https://www.oscars.org/oscars/ceremonies/2011"
"Oscars","Industry","USA","2012","Best Original Score","2012-02-26","Ludovic Bource (The Artist)","https://www.oscars.org/oscars/ceremonies/2012"
"Oscars","Industry","USA","2013","Best Original Score","2013-02-24","Mychael Danna (Life of Pi)","https://en.wikipedia.org/wiki/85th_Academy_Awards"
"Oscars","Industry","USA","2014","Best Original Score","2014-03-02","Steven Price (Gravity)","https://www.oscars.org/oscars/ceremonies/2014"
"Oscars","Industry","USA","2015","Best Original Score","2015-02-22","Alexandre Desplat (The Grand Budapest Hotel)","https://www.oscars.org/oscars/ceremonies/2015"
"Oscars","Industry","USA","2016","Best Original Score","2016-02-28","Ennio Morricone (The Hateful Eight)","https://www.oscars.org/oscars/ceremonies/2016"
"Oscars","Industry","USA","2017","Best Original Score","2017-02-26","Justin Hurwitz (La La Land)","https://www.oscars.org/oscars/ceremonies/2017"
"Oscars","Industry","USA","2018","Best Original Score","2018-03-04","Alexandre Desplat (The Shape of Water)","https://www.oscars.org/oscars/ceremonies/2018"
"Oscars","Industry","USA","2019","Best Original Score","2019-02-24","Ludwig Göransson (Black Panther)","https://www.oscars.org/oscars/ceremonies/2019"
"Oscars","Industry","USA","2020","Best Original Score","2020-02-09","Hildur Guðnadóttir","https://www.oscars.org/oscars/ceremonies/2020"
"Oscars","Industry","USA","2021","Best Original Score","2021-04-25","Soul (Trent Reznor, Atticus Ross, and Jon Batiste)","https://www.oscars.org/oscars/ceremonies/2021"
"Oscars","Industry","USA","2022","Best Original Score","2022-03-27","Hans Zimmer (Dune)","https://www.oscars.org/oscars/ceremonies/2022"
"Oscars","Industry","USA","2023","Best Original Score","2023-03-12","Volker Bertelmann (All Quiet on the Western Front)","https://www.oscars.org/oscars/ceremonies/2023"
"Oscars","Industry","USA","2024","Best Original Score","2024-03-10","Ludwig Göransson (Oppenheimer)","https://en.wikipedia.org/wiki/96th_Academy_Awards"
"Oscars","Industry","USA","2025","Best Original Score","2025-03-02","Daniel Blumberg (for The Brutalist)","https://abcnews.go.com/GMA/Culture/oscars-2025-full-winners-list/story?id=119231513"
"Oscars","Industry","USA","2026","Best Original Score","","","https://www.oscars.org/oscars/98th-oscars-and-academy-key-dates"
"Oscars","Industry","USA","2000","Best Costume Design","2000-03-26","Lindy Hemming (Topsy-Turvy)","https://www.oscars.org/oscars/ceremonies/2000"
"Oscars","Industry","USA","2001","Best Costume Design","2001-03-25","Janty Yates (Gladiator)","https://www.oscars.org/oscars/ceremonies/2001"
"Oscars","Industry","USA","2002","Best Costume Design","2002-03-24","Catherine Martin and Angus Strathie (Moulin Rouge!)","https://www.oscars.org/oscars/ceremonies/2002"
"Oscars","Industry","USA","2003","Best Costume Design","2003-03-23","Colleen Atwood (Chicago)","https://www.oscars.org/oscars/ceremonies/2003"
"Oscars","Industry","USA","2004","Best Costume Design","2004-02-29","Ngila Dickson and Richard Taylor (The Lord of the Rings: The Return of the King)","https://www.oscars.org/oscars/ceremonies/2004"
"Oscars","Industry","USA","2005","Best Costume Design","2005-02-27","Sandy Powell (The Aviator)","https://www.oscars.org/oscars/ceremonies/2005"
"Oscars","Industry","USA","2006","Best Costume Design","2006-03-05","Colleen Atwood (Memoirs of a Geisha)","https://www.oscars.org/oscars/ceremonies/2006"
"Oscars","Industry","USA","2007","Best Costume Design","2007-02-25","Milena Canonero (Marie Antoinette)","https://www.oscars.org/oscars/ceremonies/2007"
"Oscars","Industry","USA","2008","Best Costume Design","2008-02-24","Alexandra Byrne (Elizabeth: The Golden Age)","https://www.oscars.org/oscars/ceremonies/2008"
"Oscars","Industry","USA","2009","Best Costume Design","2009-02-22","Michael O'Connor (The Duchess)","https://www.oscars.org/oscars/ceremonies/2009"
"Oscars","Industry","USA","2010","Best Costume Design","2010-03-07","The Young Victoria","https://www.oscars.org/oscars/ceremonies/2010"
"Oscars","Industry","USA","2011","Best Costume Design","2011-02-27","Colleen Atwood (Alice in Wonderland)","https://www.oscars.org/oscars/ceremonies/2011"
"Oscars","Industry","USA","2012","Best Costume Design","2012-02-26","Mark Bridges (The Artist)","https://www.oscars.org/oscars/ceremonies/2012"
"Oscars","Industry","USA","2013","Best Costume Design","2013-02-24","Jacqueline Durran (Anna Karenina)","https://www.oscars.org/oscars/ceremonies/2013"
"Oscars","Industry","USA","2014","Best Costume Design","2014-03-02","Catherine Martin (The Great Gatsby)","https://www.oscars.org/oscars/ceremonies/2014"
"Oscars","Industry","USA","2015","Best Costume Design","2015-02-22","Milena Canonero (The Grand Budapest Hotel)","https://www.oscars.org/oscars/ceremonies/2015"
"Oscars","Industry","USA","2016","Best Costume Design","2016-02-28","Jenny Beavan","https://www.oscars.org/oscars/ceremonies/2016"
"Oscars","Industry","USA","2017","Best Costume Design","2017-02-26","Colleen Atwood (Fantastic Beasts and Where to Find Them)","https://www.oscars.org/oscars/ceremonies/2017"
"Oscars","Industry","USA","2018","Best Costume Design","2018-03-04","Mark Bridges (Phantom Thread)","https://www.oscars.org/oscars/ceremonies/2018"
"Oscars","Industry","USA","2019","Best Costume Design","2019-02-24","Ruth Carter (Black Panther)","https://www.oscars.org/oscars/ceremonies/2019"
"Oscars","Industry","USA","2020","Best Costume Design","2020-02-09","Jacqueline Durran (Little Women)","https://www.oscars.org/oscars/ceremonies/2020"
"Oscars","Industry","USA","2021","Best Costume Design","2021-04-25","Ann Roth (Ma Rainey's Black Bottom)","https://www.oscars.org/oscars/ceremonies/2021"
"Oscars","Industry","USA","2022","Best Costume Design","2022-03-27","Jenny Beavan (Cruella)","https://www.oscars.org/oscars/ceremonies/2022"
"Oscars","Industry","USA","2023","Best Costume Design","2023-03-12","Ruth Carter (for Black Panther: Wakanda Forever)","https://www.oscars.org/oscars/ceremonies/2023"
"Oscars","Industry","USA","2024","Best Costume Design","2024-03-10","Holly Waddington (Poor Things)","https://www.oscars.org/oscars/ceremonies/2024"
"Oscars","Industry","USA","2025","Best Costume Design","2025-03-02","Wicked (Paul Tazewell)","https://www.oscars.org/oscars/ceremonies/2025"
"Oscars","Industry","USA","2026","Best Costume Design","","",""
"Oscars","Industry","USA","2000","Best Makeup and Hairstyling","2000-03-26","Topsy-Turvy (Christine Blundell and Trefor Proud)","https://www.oscars.org/oscars/ceremonies/2000"
"Oscars","Industry","USA","2001","Best Makeup and Hairstyling","2001-03-25","Dr. Seuss' How the Grinch Stole Christmas (Rick Baker and Gail Ryan)","https://www.oscars.org/oscars/ceremonies/2001"
"Oscars","Industry","USA","2002","Best Makeup and Hairstyling","2002-03-24","The Lord of the Rings: The Fellowship of the Ring (Peter Owen and Richard Taylor)","https://www.oscars.org/oscars/ceremonies/2002"
"Oscars","Industry","USA","2003","Best Makeup and Hairstyling","2003-03-23","Frida (John Jackson and Beatrice De Alba)","https://en.wikipedia.org/wiki/75th_Academy_Awards"
"Oscars","Industry","USA","2004","Best Makeup and Hairstyling","2004-02-29","The Lord of the Rings: The Return of the King (Richard Taylor and Peter King)","https://www.oscars.org/oscars/ceremonies/2004"
"Oscars","Industry","USA","2005","Best Makeup and Hairstyling","2005-02-27","Lemony Snicket's A Series of Unfortunate Events (Valli O'Reilly and Bill Corso)","https://www.oscars.org/oscars/ceremonies/2005"
"Oscars","Industry","USA","2006","Best Makeup and Hairstyling","2006-03-05","Howard Berger and Tami Lane (The Chronicles of Narnia: The Lion, the Witch and the Wardrobe)","https://www.oscars.org/oscars/ceremonies/2006"
"Oscars","Industry","USA","2007","Best Makeup and Hairstyling","2007-02-25","Pan's Labyrinth (David Martí and Montse Ribé)","https://www.oscars.org/oscars/ceremonies/2007"
"Oscars","Industry","USA","2008","Best Makeup and Hairstyling","2008-02-24","La Vie en Rose (Didier Lavergne and Jan Archibald)","https://www.oscars.org/oscars/ceremonies/2008"
"Oscars","Industry","USA","2009","Best Makeup and Hairstyling","2009-02-22","Greg Cannom (The Curious Case of Benjamin Button)","https://www.oscars.org/oscars/ceremonies/2009"
"Oscars","Industry","USA","2010","Best Makeup and Hairstyling","2010-03-07","Barney Burman, Mindy Hall and Joel Harlow (Star Trek)","https://www.oscars.org/oscars/ceremonies/2010"
"Oscars","Industry","USA","2011","Best Makeup and Hairstyling","2011-02-27","The Wolfman (Rick Baker and Dave Elsey)","https://www.oscars.org/oscars/ceremonies/2011"
"Oscars","Industry","USA","2012","Best Makeup and Hairstyling","2012-02-26","The Iron Lady (Mark Coulier and J. Roy Helland)","https://www.oscars.org/oscars/ceremonies/2012"
"Oscars","Industry","USA","2013","Best Makeup and Hairstyling","2013-02-24","Les Misérables (Lisa Westcott and Julie Dartnell)","https://www.oscars.org/oscars/ceremonies/2013"
"Oscars","Industry","USA","2014","Best Makeup and Hairstyling","2014-03-02","Dallas Buyers Club (Adruitha Lee and Robin Mathews)","https://www.oscars.org/oscars/ceremonies/2014"
"Oscars","Industry","USA","2015","Best Makeup and Hairstyling","2015-02-22","The Grand Budapest Hotel (Frances Hannon and Mark Coulier)","https://www.oscars.org/oscars/ceremonies/2015"
"Oscars","Industry","USA","2016","Best Makeup and Hairstyling","2016-02-28","Mad Max: Fury Road (Lesley Vanderwalt, Elka Wardega and Damian Martin)","https://www.oscars.org/oscars/ceremonies/2016"
"Oscars","Industry","USA","2017","Best Makeup and Hairstyling","2017-02-26","Suicide Squad (Alessandro Bertolazzi, Giorgio Gregorini and Christopher Nelson)","https://www.oscars.org/oscars/ceremonies/2017"
"Oscars","Industry","USA","2018","Best Makeup and Hairstyling","2018-03-04","Darkest Hour (Kazuhiro Tsuji, David Malinowski and Lucy Sibbick)","https://www.oscars.org/oscars/ceremonies/2018"
"Oscars","Industry","USA","2019","Best Makeup and Hairstyling","2019-02-24","Vice (Greg Cannom, Kate Biscoe and Patricia Dehaney)","https://www.oscars.org/oscars/ceremonies/2019"
"Oscars","Industry","USA","2020","Best Makeup and Hairstyling","2020-02-09","Bombshell (Kazu Hiro, Anne Morgan and Vivian Baker)","https://www.oscars.org/oscars/ceremonies/2020"
"Oscars","Industry","USA","2021","Best Makeup and Hairstyling","2021-04-25","Sergio Lopez-Rivera, Mia Neal, and Jamika Wilson (Ma Rainey's Black Bottom)","https://www.oscars.org/oscars/ceremonies/2021"
"Oscars","Industry","USA","2022","Best Makeup and Hairstyling","2022-03-27","The Eyes of Tammy Faye (Linda Dowds, Stephanie Ingram and Justin Raleigh)","https://www.oscars.org/oscars/ceremonies/2022"
"Oscars","Industry","USA","2023","Best Makeup and Hairstyling","2023-03-12","The Whale (Adrien Morot, Judy Chin and Annemarie Bradley)","https://www.oscars.org/oscars/ceremonies/2023"
"Oscars","Industry","USA","2024","Best Makeup and Hairstyling","2024-03-10","Poor Things (Nadia Stacey, Mark Coulier and Josh Weston)","https://www.oscars.org/oscars/ceremonies/2024"
"Oscars","Industry","USA","2025","Best Makeup and Hairstyling","2025-03-02","The Substance (Pierre-Olivier Persin, Stéphanie Guillon, and Marilyne Scarselli)","https://abc7.com/live-updates/oscars-2025-live-updates-tonights-97th-academy-awards-red-carpet/15958366/entry/15965419"
"Oscars","Industry","USA","2026","Best Makeup and Hairstyling","","",""
"Oscars","Industry","USA","2000","Best Production Design","2000-03-26","Rick Heinrichs (Art Direction); Peter Young (Set Decoration) for Sleepy Hollow","https://www.oscars.org/oscars/ceremonies/2000"
"Oscars","Industry","USA","2001","Best Production Design","2001-03-25","Crouching Tiger, Hidden Dragon (Art Direction: Tim Yip)","https://www.oscars.org/oscars/ceremonies/2001"
"Oscars","Industry","USA","2002","Best Production Design","2002-03-24","Moulin Rouge! (Art Direction: Catherine Martin; Set Decoration: Brigitte Broch)","https://www.oscars.org/oscars/ceremonies/2002"
"Oscars","Industry","USA","2003","Best Production Design","2003-03-23","Chicago (John Myhre and Gordon Sim)","https://en.wikipedia.org/wiki/75th_Academy_Awards"
"Oscars","Industry","USA","2004","Best Production Design","2004-02-29","The Lord of the Rings: The Return of the King (Grant Major, Dan Hennah, Alan Lee)","https://www.oscars.org/oscars/ceremonies/2004"
"Oscars","Industry","USA","2005","Best Production Design","2005-02-27","The Aviator (Dante Ferretti and Francesca Lo Schiavo)","https://en.wikipedia.org/wiki/77th_Academy_Awards"
"Oscars","Industry","USA","2006","Best Production Design","2006-03-05","John Myhre (Art Direction); Gretchen Rau (Set Decoration) for Memoirs of a Geisha","https://www.oscars.org/oscars/ceremonies/2006"
"Oscars","Industry","USA","2007","Best Production Design","2007-02-25","Pan's Labyrinth (Art Direction: Eugenio Caballero; Set Decoration: Pilar Revuelta)","https://www.oscars.org/oscars/ceremonies/2007"
"Oscars","Industry","USA","2008","Best Production Design","2008-02-24","Sweeney Todd The Demon Barber of Fleet Street","https://www.oscars.org/oscars/ceremonies/2008"
"Oscars","Industry","USA","2009","Best Production Design","2009-02-22","The Curious Case of Benjamin Button: Donald Graham Burt (Art Direction); Victor J. Zolfo (Set Decoration)","https://www.oscars.org/oscars/ceremonies/2009"
"Oscars","Industry","USA","2010","Best Production Design","2010-03-07","Avatar (Rick Carter, Robert Stromberg, Kim Sinclair)","https://www.oscars.org/oscars/ceremonies/2010"
"Oscars","Industry","USA","2011","Best Production Design","2011-02-27","Alice in Wonderland (Robert Stromberg and Karen O'Hara)","https://www.oscars.org/oscars/ceremonies/2011"
"Oscars","Industry","USA","2012","Best Production Design","2012-02-26","Hugo (Dante Ferretti and Francesca Lo Schiavo)","https://www.oscars.org/oscars/ceremonies/2012"
"Oscars","Industry","USA","2013","Best Production Design","2013-02-24","Lincoln (Rick Carter and Jim Erickson)","https://www.oscars.org/oscars/ceremonies/2013"
"Oscars","Industry","USA","2014","Best Production Design","2014-03-02","The Great Gatsby (Catherine Martin and Beverley Dunn)","https://www.oscars.org/oscars/ceremonies/2014"
"Oscars","Industry","USA","2015","Best Production Design","2015-02-22","The Grand Budapest Hotel","https://www.oscars.org/oscars/ceremonies/2015"
"Oscars","Industry","USA","2016","Best Production Design","2016-02-28","Mad Max: Fury Road (Colin Gibson and Lisa Thompson)","https://www.oscars.org/oscars/ceremonies/2016"
"Oscars","Industry","USA","2017","Best Production Design","2017-02-26","La La Land (Production Design: David Wasco; Set Decoration: Sandy Reynolds-Wasco)","https://www.oscars.org/oscars/ceremonies/2017"
"Oscars","Industry","USA","2018","Best Production Design","2018-03-04","The Shape of Water (Production Design: Paul Denham Austerberry; Set Decoration: Shane Vieau and Jeffrey A. Melvin)","https://www.oscars.org/oscars/ceremonies/2018"
"Oscars","Industry","USA","2019","Best Production Design","2019-02-24","Black Panther (Production Design: Hannah Beachler; Set Decoration: Jay Hart)","https://www.oscars.org/oscars/ceremonies/2019"
"Oscars","Industry","USA","2020","Best Production Design","2020-02-09","Once upon a Time...in Hollywood (Production Design: Barbara Ling; Set Decoration: Nancy Haigh)","https://www.oscars.org/oscars/ceremonies/2020"
"Oscars","Industry","USA","2021","Best Production Design","2021-04-25","Mank (Production Design: Donald Graham Burt; Set Decoration: Jan Pascale)","https://www.oscars.org/oscars/ceremonies/2021"
"Oscars","Industry","USA","2022","Best Production Design","2022-03-27","Dune (Patrice Vermette and Zsuzsanna Sipos)","https://www.oscars.org/oscars/ceremonies/2022"
"Oscars","Industry","USA","2023","Best Production Design","2023-03-12","All Quiet on the Western Front (Christian M. Goldbeck and Ernestine Hipper)","https://www.oscars.org/oscars/ceremonies/2023"
"Oscars","Industry","USA","2024","Best Production Design","2024-03-10","Poor Things (James Price, Shona Heath, and Zsuzsa Mihalek)","https://www.oscars.org/oscars/ceremonies/2024"
"Oscars","Industry","USA","2025","Best Production Design","2025-03-02","Wicked (Nathan Crowley and Lee Sandales)","https://www.oscars.org/oscars/ceremonies/2025"
"Oscars","Industry","USA","2026","Best Production Design","","",""
"Oscars","Industry","USA","2000","Best Sound","2000-03-26","The Matrix","https://www.oscars.org/oscars/ceremonies/2000"
"Oscars","Industry","USA","2001","Best Sound","2001-03-25","Gladiator (Scott Millan, Bob Beemer, and Ken Weston)","https://www.oscars.org/oscars/ceremonies/2001"
"Oscars","Industry","USA","2002","Best Sound","2002-03-24","Black Hawk Down (Michael Minkler, Myron Nettinga, Chris Munro)","https://www.oscars.org/oscars/ceremonies/2002"
"Oscars","Industry","USA","2003","Best Sound","2003-03-23","Michael Minkler, Dominick Tavella, and David Lee (Chicago)","https://www.oscars.org/oscars/ceremonies/2003"
"Oscars","Industry","USA","2004","Best Sound","2004-02-29","The Lord of the Rings: The Return of the King (Christopher Boyes, Michael Semanick, Michael Hedges and Hammond Peek)","https://www.oscars.org/oscars/ceremonies/2004"
"Oscars","Industry","USA","2005","Best Sound","2005-02-27","Ray (Scott Millan, Greg Orloff, Bob Beemer and Steve Cantamessa)","https://www.oscars.org/oscars/ceremonies/2005"
"Oscars","Industry","USA","2006","Best Sound","2006-03-05","King Kong (Christopher Boyes, Michael Semanick, Michael Hedges, Hammond Peek, Mike Hopkins, and Ethan Van der Ryn)","https://www.oscars.org/oscars/ceremonies/2006"
"Oscars","Industry","USA","2007","Best Sound","2007-02-25","Sound Editing: Letters from Iwo Jima; Sound Mixing: Dreamgirls","https://www.oscars.org/oscars/ceremonies/2007"
"Oscars","Industry","USA","2008","Best Sound","2008-02-24","The Bourne Ultimatum (Sound Editing and Sound Mixing)","https://www.oscars.org/oscars/ceremonies/2008"
"Oscars","Industry","USA","2009","Best Sound","2009-02-22","Sound Mixing: Slumdog Millionaire; Sound Editing: The Dark Knight","https://www.oscars.org/oscars/ceremonies/2009"
"Oscars","Industry","USA","2010","Best Sound","2010-03-07","The Hurt Locker","https://www.oscars.org/oscars/ceremonies/2010"
"Oscars","Industry","USA","2011","Best Sound","2011-02-27","Inception (Richard King for Sound Editing; Lora Hirschberg, Gary A. Rizzo, and Ed Novick for Sound Mixing)","https://www.oscars.org/oscars/ceremonies/2011"
"Oscars","Industry","USA","2012","Best Sound","2012-02-26","Hugo","https://www.oscars.org/oscars/ceremonies/2012"
"Oscars","Industry","USA","2013","Best Sound","2013-02-24","Sound Mixing: Les Misérables (Andy Nelson, Mark Paterson, and Simon Hayes); Sound Editing: Skyfall (Per Hallberg and Karen Baker Landers) and Zero Dark Thirty (Paul N. J. Ottosson) [tie]","https://www.oscars.org/oscars/ceremonies/2013"
"Oscars","Industry","USA","2014","Best Sound","2014-03-02","Gravity","https://www.oscars.org/oscars/ceremonies/2014"
"Oscars","Industry","USA","2015","Best Sound","2015-02-22","Best Sound Mixing: Whiplash; Best Sound Editing: American Sniper","https://www.oscars.org/oscars/ceremonies/2015"
"Oscars","Industry","USA","2016","Best Sound","2016-02-28","Mad Max: Fury Road (Chris Jenkins, Gregg Rudloff and Ben Osmo for Sound Mixing; Mark Mangini and David White for Sound Editing)","https://www.oscars.org/oscars/ceremonies/2016"
"Oscars","Industry","USA","2017","Best Sound","2017-02-26","Sound Mixing: Kevin O'Connell, Andy Wright, Robert Mackenzie and Peter Grace (Hacksaw Ridge); Sound Editing: Sylvain Bellemare (Arrival)","https://www.oscars.org/oscars/ceremonies/2017"
"Oscars","Industry","USA","2018","Best Sound","2018-03-04","Dunkirk (Sound Editing: Richard King and Alex Gibson; Sound Mixing: Gregg Landaker, Gary A. Rizzo and Mark Weingarten)","https://www.oscars.org/oscars/ceremonies/2018"
"Oscars","Industry","USA","2019","Best Sound","2019-02-24","Bohemian Rhapsody (Best Sound Editing: John Warhurst and Nina Hartstone; Best Sound Mixing: Paul Massey, Tim Cavagin, and John Casali)","https://www.oscars.org/oscars/ceremonies/2019/O"
"Oscars","Industry","USA","2020","Best Sound","","",""
"Oscars","Industry","USA","2021","Best Sound","2021-04-25","Sound of Metal (Nicolas Becker, Jaime Baksht, Michelle Couttolenc, Carlos Cortés and Phillip Bladh)","https://www.oscars.org/oscars/ceremonies/2021"
"Oscars","Industry","USA","2022","Best Sound","2022-03-27","Dune (Mac Ruth, Mark Mangini, Theo Green, Doug Hemphill and Ron Bartlett)","https://www.oscars.org/oscars/ceremonies/2022"
"Oscars","Industry","USA","2023","Best Sound","2023-03-12","Top Gun: Maverick","https://www.oscars.org/oscars/ceremonies/2023"
"Oscars","Industry","USA","2024","Best Sound","2024-03-10","The Zone of Interest (Tarn Willers and Johnnie Burn)","https://www.oscars.org/oscars/ceremonies/2024"
"Oscars","Industry","USA","2025","Best Sound","2025-03-02","Dune: Part Two (Gareth John, Richard King, Ron Bartlett and Doug Hemphill)","https://www.oscars.org/oscars/ceremonies/2025"
"Oscars","Industry","USA","2026","Best Sound","","","https://www.oscars.org/oscars/ceremonies/2026"
"Oscars","Industry","USA","2000","Best Animated Feature Film","","",""
"Oscars","Industry","USA","2001","Best Animated Feature Film","","",""
"Oscars","Industry","USA","2002","Best Animated Feature Film","2002-03-24","Shrek","https://www.oscars.org/oscars/ceremonies/2002"
"Oscars","Industry","USA","2003","Best Animated Feature Film","2003-03-23","Spirited Away","https://www.oscars.org/oscars/ceremonies/2003"
"Oscars","Industry","USA","2004","Best Animated Feature Film","2004-02-29","Finding Nemo","https://www.oscars.org/oscars/ceremonies/2004"
"Oscars","Industry","USA","2005","Best Animated Feature Film","2005-02-27","The Incredibles","https://www.oscars.org/oscars/ceremonies/2005"
"Oscars","Industry","USA","2006","Best Animated Feature Film","2006-03-05","Wallace & Gromit in The Curse of the Were-Rabbit","https://www.oscars.org/oscars/ceremonies/2006"
"Oscars","Industry","USA","2007","Best Animated Feature Film","2007-02-25","Happy Feet","https://www.oscars.org/oscars/ceremonies/2007"
"Oscars","Industry","USA","2008","Best Animated Feature Film","2008-02-24","Ratatouille","https://www.oscars.org/oscars/ceremonies/2008"
"Oscars","Industry","USA","2009","Best Animated Feature Film","2009-02-22","WALL-E","https://www.oscars.org/oscars/ceremonies/2009"
"Oscars","Industry","USA","2010","Best Animated Feature Film","2010-03-07","Up","https://www.oscars.org/oscars/ceremonies/2010"
"Oscars","Industry","USA","2011","Best Animated Feature Film","2011-02-27","Toy Story 3","https://www.oscars.org/oscars/ceremonies/2011"
"Oscars","Industry","USA","2012","Best Animated Feature Film","2012-02-26","Rango","https://www.oscars.org/oscars/ceremonies/2012"
"Oscars","Industry","USA","2013","Best Animated Feature Film","2013-02-24","Brave","https://www.oscars.org/oscars/ceremonies/2013"
"Oscars","Industry","USA","2014","Best Animated Feature Film","2014-03-02","Frozen","https://www.oscars.org/oscars/ceremonies/2014"
"Oscars","Industry","USA","2015","Best Animated Feature Film","2015-02-22","Big Hero 6","https://www.oscars.org/oscars/ceremonies/2015"
"Oscars","Industry","USA","2016","Best Animated Feature Film","2016-02-28","Inside Out","https://en.wikipedia.org/wiki/88th_Academy_Awards"
"Oscars","Industry","USA","2017","Best Animated Feature Film","2017-02-26","Zootopia","https://www.oscars.org/oscars/ceremonies/2017"
"Oscars","Industry","USA","2018","Best Animated Feature Film","2018-03-04","Coco","https://www.oscars.org/oscars/ceremonies/2018"
"Oscars","Industry","USA","2019","Best Animated Feature Film","2019-02-24","Spider-Man: Into the Spider-Verse","https://www.theguardian.com/film/2019/feb/25/spider-man-into-the-spider-verse-wins-best-animation-oscar"
"Oscars","Industry","USA","2020","Best Animated Feature Film","2020-02-09","Toy Story 4","https://www.oscars.org/oscars/ceremonies/2020"
"Oscars","Industry","USA","2021","Best Animated Feature Film","2021-04-25","Soul","https://www.oscars.org/oscars/ceremonies/2021"
"Oscars","Industry","USA","2022","Best Animated Feature Film","2022-03-27","Encanto","https://www.oscars.org/oscars/ceremonies/2022"
"Oscars","Industry","USA","2023","Best Animated Feature Film","2023-03-12","Guillermo del Toro's Pinocchio","https://www.oscars.org/oscars/ceremonies/2023"
"Oscars","Industry","USA","2024","Best Animated Feature Film","2024-03-10","The Boy and the Heron","https://www.oscars.org/oscars/ceremonies/2024"
"Oscars","Industry","USA","2025","Best Animated Feature Film","2025-03-02","Flow","https://www.oscars.org/oscars/ceremonies/2025"
"Oscars","Industry","USA","2026","Best Animated Feature Film","2026-03-15","","https://www.oscars.org/oscars/ceremonies/2026"
"Oscars","Industry","USA","2000","Best International Feature Film","2000-03-26","All About My Mother","https://www.oscars.org/oscars/ceremonies/2000"
"Oscars","Industry","USA","2001","Best International Feature Film","2001-03-25","Crouching Tiger, Hidden Dragon","https://www.oscars.org/oscars/ceremonies/2001"
"Oscars","Industry","USA","2002","Best International Feature Film","2002-03-24","No Man's Land","https://www.oscars.org/oscars/ceremonies/2002"
"Oscars","Industry","USA","2003","Best International Feature Film","2003-03-23","Nowhere in Africa","https://www.oscars.org/oscars/ceremonies/2003"
"Oscars","Industry","USA","2004","Best International Feature Film","2004-02-29","The Barbarian Invasions (Canada)","https://www.oscars.org/oscars/ceremonies/2004"
"Oscars","Industry","USA","2005","Best International Feature Film","2005-02-27","The Sea Inside","https://www.oscars.org/oscars/ceremonies/2005"
"Oscars","Industry","USA","2006","Best International Feature Film","2006-03-05","Tsotsi","https://www.oscars.org/oscars/ceremonies/2006"
"Oscars","Industry","USA","2007","Best International Feature Film","2007-02-25","The Lives of Others","https://www.oscars.org/oscars/ceremonies/2007"
"Oscars","Industry","USA","2008","Best International Feature Film","2008-02-24","The Counterfeiters","https://www.oscars.org/oscars/ceremonies/2008"
"Oscars","Industry","USA","2009","Best International Feature Film","2009-02-22","Departures","https://www.oscars.org/oscars/ceremonies/2009"
"Oscars","Industry","USA","2010","Best International Feature Film","2010-03-07","The Secret in Their Eyes","https://www.oscars.org/oscars/ceremonies/2010"
"Oscars","Industry","USA","2011","Best International Feature Film","2011-02-27","In a Better World","https://www.oscars.org/oscars/ceremonies/2011"
"Oscars","Industry","USA","2012","Best International Feature Film","2012-02-26","A Separation","https://www.oscars.org/oscars/ceremonies/2012"
"Oscars","Industry","USA","2013","Best International Feature Film","2013-02-24","Amour","https://www.oscars.org/oscars/ceremonies/2013"
"Oscars","Industry","USA","2014","Best International Feature Film","2014-03-02","The Great Beauty","https://www.oscars.org/oscars/ceremonies/2014"
"Oscars","Industry","USA","2015","Best International Feature Film","2015-02-22","Ida","https://www.oscars.org/oscars/ceremonies/2015"
"Oscars","Industry","USA","2016","Best International Feature Film","","",""
"Oscars","Industry","USA","2017","Best International Feature Film","2017-02-26","The Salesman (Iran)","https://www.oscars.org/oscars/ceremonies/2017"
"Oscars","Industry","USA","2018","Best International Feature Film","2018-03-04","A Fantastic Woman","https://www.oscars.org/oscars/ceremonies/2018"
"Oscars","Industry","USA","2019","Best International Feature Film","2019-02-24","Roma","https://www.oscars.org/oscars/ceremonies/2019"
"Oscars","Industry","USA","2020","Best International Feature Film","2020-02-09","Parasite","https://www.oscars.org/oscars/ceremonies/2020"
"Oscars","Industry","USA","2021","Best International Feature Film","2021-04-25","Another Round","https://en.wikipedia.org/wiki/93rd_Academy_Awards"
"Oscars","Industry","USA","2022","Best International Feature Film","2022-03-27","Drive My Car","https://www.oscars.org/oscars/ceremonies/2022"
"Oscars","Industry","USA","2023","Best International Feature Film","2023-03-12","All Quiet on the Western Front","https://www.oscars.org/oscars/ceremonies/2023"
"Oscars","Industry","USA","2024","Best International Feature Film","2024-03-10","The Zone of Interest (United Kingdom)","https://www.oscars.org/oscars/ceremonies/2024"
"Oscars","Industry","USA","2025","Best International Feature Film","2025-03-02","I'm Still Here","https://www.oscars.org/oscars/ceremonies/2025"
"Oscars","Industry","USA","2026","Best International Feature Film","","","https://www.oscars.org/oscars/ceremonies/2026"
"Oscars","Industry","USA","2000","Best Documentary Feature Film","2000-03-26","One Day in September","https://www.oscars.org/oscars/ceremonies/2000"
"Oscars","Industry","USA","2001","Best Documentary Feature Film","2001-03-25","Into the Arms of Strangers: Stories of the Kindertransport","https://www.oscars.org/oscars/ceremonies/2001"
"Oscars","Industry","USA","2002","Best Documentary Feature Film","2002-03-24","Murder on a Sunday Morning","https://www.oscars.org/oscars/ceremonies/2002"
"Oscars","Industry","USA","2003","Best Documentary Feature Film","2003-03-23","Bowling for Columbine","https://www.oscars.org/oscars/ceremonies/2003"
"Oscars","Industry","USA","2004","Best Documentary Feature Film","2004-02-29","The Fog of War","https://www.oscars.org/oscars/ceremonies/2004"
"Oscars","Industry","USA","2005","Best Documentary Feature Film","2005-02-27","Born into Brothels","https://www.oscars.org/oscars/ceremonies/2005"
"Oscars","Industry","USA","2006","Best Documentary Feature Film","2006-03-05","March of the Penguins","https://www.oscars.org/oscars/ceremonies/2006"
"Oscars","Industry","USA","2007","Best Documentary Feature Film","2007-02-25","An Inconvenient Truth","https://en.wikipedia.org/wiki/79th_Academy_Awards"
"Oscars","Industry","USA","2008","Best Documentary Feature Film","2008-02-24","Taxi to the Dark Side","https://www.oscars.org/oscars/ceremonies/2008"
"Oscars","Industry","USA","2009","Best Documentary Feature Film","2009-02-22","Man on Wire","https://www.oscars.org/oscars/ceremonies/2009"
"Oscars","Industry","USA","2010","Best Documentary Feature Film","2010-03-07","The Cove","https://www.oscars.org/oscars/ceremonies/2010"
"Oscars","Industry","USA","2011","Best Documentary Feature Film","2011-02-27","Inside Job","https://www.oscars.org/oscars/ceremonies/2011"
"Oscars","Industry","USA","2012","Best Documentary Feature Film","2012-02-26","Undefeated","https://www.oscars.org/oscars/ceremonies/2012"
"Oscars","Industry","USA","2013","Best Documentary Feature Film","2013-02-24","Searching for Sugar Man","https://www.oscars.org/oscars/ceremonies/2013"